<?xml version="1.0" encoding="UTF-8"?>
<beans xmlns="http://www.springframework.org/schema/beans"
	xmlns:xsi="http://www.w3.org/2001/XMLSchema-instance"
	xsi:schemaLocation="http://www.springframework.org/schema/beans http://www.springframework.org/schema/beans/spring-beans-2.0.xsd">

	<bean name = "applicationUser" class="kr.human.di.vo.ApplicationUser">
		<constructor-arg value="주인장"/>	
	</bean>
	
	<bean name = "application1" class="kr.human.di.vo.Application">
		<property name="applicationUser" ref="applicationUser"/>
	</bean>
	<!-- autowire="byName" : 변수명이 같은 자바빈이 있을경우 자동으로 주입해라!!! -->
	<bean name = "application2" class="kr.human.di.vo.Application" autowire="byName"> <!-- 이름이 같으면 넣어줘라 -->
		
	</bean>
</beans>
