<?xml version="1.0" encoding="UTF-8"?>
<beans xmlns="http://www.springframework.org/schema/beans"
	xmlns:xsi="http://www.w3.org/2001/XMLSchema-instance"
	xmlns:context="http://www.springframework.org/schema/context"
	xsi:schemaLocation="http://www.springframework.org/schema/beans http://www.springframework.org/schema/beans/spring-beans-2.0.xsd
		http://www.springframework.org/schema/context http://www.springframework.org/schema/context/spring-context-4.3.xsd">
		
	<context:component-scan base-package="kr.human.di"></context:component-scan>
	<!-- 프로파일을 사용하겠다. -->
	<bean class="org.springframework.context.support.PropertySourcesPlaceholderConfigurer">
        <property name="ignoreUnresolvablePlaceholders" value="true"/>
        <property name="locations">
          <list>
            <value>classpath:application.properties</value>
          </list>
        </property>
      </bean>
      
      

</beans>
